external_url,is_verified,edge_followed_by_count,edge_follow_count,id,highlight_reel_count,is_business_account,is_professional_account,category_enum,category_name,is_private,profile_pic_url,username,edge_owner_to_timeline_media_count
,False,4,4,52696330744,0,False,False,,,False,https://scontent-nrt1-1.cdninstagram.com/v/t51.2885-19/44884218_345707102882519_2446069589734326272_n.jpg?_nc_ht=scontent-nrt1-1.cdninstagram.com&_nc_cat=1&_nc_ohc=klU-HgX5b4sAX93A_l4&edm=APGXKFABAAAA&ccb=7-4&ig_cache_key=YW5vbnltb3VzX3Byb2ZpbGVfcGlj.2-ccb7-4&oh=00_AT80sevXFGu0gxdyJu0PbP_8-_wZNp7BorbwVZXcVBMXjQ&oe=626409CF&_nc_sid=f0cd3e,artvestest1,2
,False,4,4,52866722374,0,False,False,,,False,https://instagram.fdel25-4.fna.fbcdn.net/v/t51.2885-19/44884218_345707102882519_2446069589734326272_n.jpg?efg=eyJybWQiOiJpZ19hbmRyb2lkX21vYmlsZV9uZXR3b3JrX3N0YWNrX3F1aWNfa2VlcF9hbGl2ZV8xOmNvbnRyb2wifQ&_nc_ht=instagram.fdel25-4.fna.fbcdn.net&_nc_cat=1&_nc_ohc=klU-HgX5b4sAX8Wp5PL&edm=AJ0OxeABAAAA&ccb=7-4&ig_cache_key=YW5vbnltb3VzX3Byb2ZpbGVfcGlj.2-ccb7-4&oh=00_AT9c7rYC6ZkhEqUOU6sMzScKBUxmVtQLizlXqpsISnMFRw&oe=626409CF&_nc_sid=63a245,artvestest4,2
,False,4,4,52692899212,0,False,False,,,True,https://scontent-cgk1-1.cdninstagram.com/v/t51.2885-19/44884218_345707102882519_2446069589734326272_n.jpg?_nc_ht=scontent-cgk1-1.cdninstagram.com&_nc_cat=1&_nc_ohc=klU-HgX5b4sAX90hQ_w&edm=APXIsjUBAAAA&ccb=7-4&ig_cache_key=YW5vbnltb3VzX3Byb2ZpbGVfcGlj.2-ccb7-4&oh=00_AT-rsG12jYMZrcPPaqoybapxQITzRMxnr5gWbEd23EgE7g&oe=626409CF&_nc_sid=1237ce,artvestest5,1
,False,4,4,53041931545,0,False,False,,,False,https://instagram.fsub2-3.fna.fbcdn.net/v/t51.2885-19/44884218_345707102882519_2446069589734326272_n.jpg?efg=eyJybWQiOiJpZ19hbmRyb2lkX21vYmlsZV9uZXR3b3JrX3N0YWNrX25vX3RjcF9mYWxsYmFja19vbl9mYWlsdXJlX3dpdGhfb25wX3JldHJ5XzE6dGNwX2ZhbGxiYWNrX29uX2ZhaWx1cmVfbm9fb25wX3JldHJ5In0&_nc_ad=z-m&_nc_ht=instagram.fsub2-3.fna.fbcdn.net&_nc_cat=1&_nc_ohc=klU-HgX5b4sAX9EufwM&edm=AB11_MABAAAA&ccb=7-4&ig_cache_key=YW5vbnltb3VzX3Byb2ZpbGVfcGlj.2-ccb7-4&oh=00_AT9uqfbwBVinNe7UDHDfDNeCBwvKnczcZxmt6vk-JS6tCA&oe=626409CF&_nc_sid=ccd4cc,artvestest3,1
,False,4,4,52290271936,0,False,False,,,False,https://instagram.fshl2-1.fna.fbcdn.net/v/t51.2885-19/44884218_345707102882519_2446069589734326272_n.jpg?efg=eyJybWQiOiJpZ19hbmRyb2lkX21vYmlsZV9uZXR3b3JrX3N0YWNrX3F1aWNfa2VlcF9hbGl2ZV8xOjIwc19rZWVwX2FsaXZlIn0&_nc_ht=instagram.fshl2-1.fna.fbcdn.net&_nc_cat=1&_nc_ohc=klU-HgX5b4sAX8EQjbJ&edm=AL4D0a4BAAAA&ccb=7-4&ig_cache_key=YW5vbnltb3VzX3Byb2ZpbGVfcGlj.2-ccb7-4&oh=00_AT870MFrldb_LD7M8LdQbqlFWz1GBAoxGgwhUPFONyHrVg&oe=626409CF&_nc_sid=712cc3,artvestest2,1
,False,4,4,52696330744,0,False,False,,,False,https://scontent-ssn1-1.cdninstagram.com/v/t51.2885-19/44884218_345707102882519_2446069589734326272_n.jpg?efg=eyJybWQiOiJpZ19hbmRyb2lkX21vYmlsZV9uZXR3b3JrX3N0YWNrX3JldHJ5X25ldHdvcmtfdW5yZWFjaGFibGU6cmV0cnlfZGVmYXVsdCJ9&_nc_ht=scontent-ssn1-1.cdninstagram.com&_nc_cat=1&_nc_ohc=klU-HgX5b4sAX-bdAgN&edm=AL4D0a4BAAAA&ccb=7-4&ig_cache_key=YW5vbnltb3VzX3Byb2ZpbGVfcGlj.2-ccb7-4&oh=00_AT_8Xo1Q36k-PjKN_NMb9gKNOduH252eroxkMXKSC4r9oA&oe=626409CF&_nc_sid=712cc3,artvestest1,2
,False,4,4,52692899212,0,False,False,,,True,https://instagram.fpnq7-1.fna.fbcdn.net/v/t51.2885-19/44884218_345707102882519_2446069589734326272_n.jpg?efg=eyJybWQiOiJpZ19hbmRyb2lkX21vYmlsZV9uZXR3b3JrX3N0YWNrX3JldHJ5X21vcmVfZmFpbHVyZXM6b3BlcmF0aW9uX25vdF9wZXJtaXR0ZWQifQ&_nc_ht=instagram.fpnq7-1.fna.fbcdn.net&_nc_cat=1&_nc_ohc=klU-HgX5b4sAX9kD5R9&edm=AJ9x6zYBAAAA&ccb=7-4&ig_cache_key=YW5vbnltb3VzX3Byb2ZpbGVfcGlj.2-ccb7-4&oh=00_AT8L2ylhnXj_eBbGBPekX_U6UiBAfYn51OyWK3sjL46G3A&oe=626409CF&_nc_sid=cff2a4,artvestest5,1
,False,4,4,52866722374,0,False,False,,,False,https://instagram.fubp1-1.fna.fbcdn.net/v/t51.2885-19/44884218_345707102882519_2446069589734326272_n.jpg?efg=eyJybWQiOiJpZ19hbmRyb2lkX21vYmlsZV9uZXR3b3JrX3N0YWNrX3N5c3RlbV90Y3BfZmFsbGJhY2tfd2l0aF9wb3N0XzI6c3lzdGVtX3RjcF9mYWxsYmFjayJ9&_nc_ht=instagram.fubp1-1.fna.fbcdn.net&_nc_cat=1&_nc_ohc=klU-HgX5b4sAX8Sn6z0&edm=AEVnrqQBAAAA&ccb=7-4&ig_cache_key=YW5vbnltb3VzX3Byb2ZpbGVfcGlj.2-ccb7-4&oh=00_AT8OZ2ovckadSIF0C3hEj2YMwMvJoRWwNuLj6uVRwvUdXQ&oe=626409CF&_nc_sid=3ae735,artvestest4,2
,False,4,4,52290271936,0,False,False,,,False,https://instagram.fkul1-1.fna.fbcdn.net/v/t51.2885-19/44884218_345707102882519_2446069589734326272_n.jpg?_nc_ad=z-m&_nc_ht=instagram.fkul1-1.fna.fbcdn.net&_nc_cat=1&_nc_ohc=klU-HgX5b4sAX9ym_z2&edm=AEF8tYYBAAAA&ccb=7-4&ig_cache_key=YW5vbnltb3VzX3Byb2ZpbGVfcGlj.2-ccb7-4&oh=00_AT8ZFg69VQ64CUayDhjsXLGttFhwv8VjykEtrXg27kWP-w&oe=626409CF&_nc_sid=a9513d,artvestest2,1
,False,4,4,53041931545,0,False,False,,,False,https://instagram.flhe6-1.fna.fbcdn.net/v/t51.2885-19/44884218_345707102882519_2446069589734326272_n.jpg?_nc_ht=instagram.flhe6-1.fna.fbcdn.net&_nc_cat=1&_nc_ohc=klU-HgX5b4sAX8PJYoH&edm=ABfd0MgBAAAA&ccb=7-4&ig_cache_key=YW5vbnltb3VzX3Byb2ZpbGVfcGlj.2-ccb7-4&oh=00_AT97sd8ZsoPPsJdUz-QSmzXecUbpWm2aINlp2Qwtu5JvuA&oe=626409CF&_nc_sid=7bff83,artvestest3,1
